Date,Close
4/15/2014,316.079987
4/16/2014,323.679993
4/17/2014,324.910004
4/21/2014,330.869995
4/22/2014,329.320007
4/23/2014,324.579987
4/24/2014,337.149994
4/25/2014,303.829987
4/28/2014,296.579987
4/29/2014,300.380005
4/30/2014,304.130005
5/1/2014,307.890015
5/2/2014,308.01001
5/5/2014,310.049988
5/6/2014,297.380005
5/7/2014,292.709991
5/8/2014,288.320007
5/9/2014,292.23999
5/12/2014,302.859985
5/13/2014,304.640015
5/14/2014,297.619995
5/15/2014,295.190002
5/16/2014,297.700012
5/19/2014,296.76001
5/20/2014,301.190002
5/21/2014,305.01001
5/22/2014,304.910004
5/23/2014,312.23999
5/27/2014,310.820007
5/28/2014,310.160004
5/29/2014,313.779999
5/30/2014,312.549988
6/2/2014,308.839996
6/3/2014,307.190002
6/4/2014,306.779999
6/5/2014,323.570007
6/6/2014,329.670013
6/9/2014,327.5
6/10/2014,332.410004
6/11/2014,335.200012
6/12/2014,325.910004
6/13/2014,326.269989
6/16/2014,327.619995
6/17/2014,325.619995
6/18/2014,334.380005
6/19/2014,327
6/20/2014,324.200012
6/23/2014,327.23999
6/24/2014,324.160004
6/25/2014,327.440002
6/26/2014,325.690002
6/27/2014,324.570007
6/30/2014,324.779999
7/1/2014,332.390015
7/2/2014,332.850006
7/3/2014,337.48999
7/7/2014,333.549988
7/8/2014,323.809998
7/9/2014,329.970001
7/10/2014,327.920013
7/11/2014,346.200012
7/14/2014,355.320007
7/15/2014,354.440002
7/16/2014,355.899994
7/17/2014,352.450012
7/18/2014,358.660004
7/21/2014,359.76001
7/22/2014,360.839996
7/23/2014,358.140015
7/24/2014,358.609985
7/25/2014,324.01001
7/28/2014,320.410004
7/29/2014,320
7/30/2014,322.51001
7/31/2014,312.98999
8/1/2014,307.059998
8/4/2014,313.649994
8/5/2014,312.320007
8/6/2014,313.890015
8/7/2014,311.450012
8/8/2014,316.799988
8/11/2014,318.329987
8/12/2014,319.320007
8/13/2014,326.279999
8/14/2014,333.209991
8/15/2014,333.630005
8/18/2014,334.529999
8/19/2014,335.130005
8/20/2014,335.779999
8/21/2014,332.910004
8/22/2014,331.589996
8/25/2014,334.019989
8/26/2014,341.829987
8/27/2014,343.179993
8/28/2014,340.019989
8/29/2014,339.040009
9/2/2014,342.380005
9/3/2014,339
9/4/2014,345.950012
9/5/2014,346.380005
9/8/2014,342.339996
9/9/2014,329.75
9/10/2014,331.329987
9/11/2014,330.519989
9/12/2014,331.190002
9/15/2014,323.890015
9/16/2014,327.76001
9/17/2014,324
9/18/2014,325
9/19/2014,331.320007
9/22/2014,324.5
9/23/2014,323.630005
9/24/2014,328.209991
9/25/2014,321.929993
9/26/2014,323.209991
9/29/2014,321.820007
9/30/2014,322.440002
10/1/2014,317.459991
10/2/2014,318.410004
10/3/2014,322.73999
10/6/2014,322.200012
10/7/2014,316.980011
10/8/2014,322.700012
10/9/2014,315.369995
10/10/2014,311.390015
10/13/2014,306.450012
10/14/2014,308.309998
10/15/2014,305.970001
10/16/2014,302.859985
10/17/2014,303.640015
10/20/2014,306.209991
10/21/2014,315.329987
10/22/2014,312.970001
10/23/2014,313.179993
10/24/2014,287.059998
10/27/2014,289.970001
10/28/2014,295.589996
10/29/2014,294.119995
10/30/2014,299.070007
10/31/2014,305.459991
11/3/2014,305.720001
11/4/2014,302.809998
11/5/2014,296.519989
11/6/2014,296.640015
11/7/2014,299.859985
11/10/2014,305.109985
11/11/2014,312.01001
11/12/2014,311.51001
11/13/2014,316.480011
11/14/2014,327.820007
11/17/2014,323.049988
11/18/2014,324.929993
11/19/2014,326.540009
11/20/2014,330.540009
11/21/2014,332.630005
11/24/2014,335.640015
11/25/2014,335.040009
11/26/2014,333.570007
11/28/2014,338.640015
12/1/2014,326
12/2/2014,326.309998
12/3/2014,316.5
12/4/2014,316.929993
12/5/2014,312.630005
12/8/2014,306.640015
12/9/2014,312.5
12/10/2014,305.839996
12/11/2014,307.359985
12/12/2014,307.320007
12/15/2014,306.070007
12/16/2014,295.059998
12/17/2014,298.880005
12/18/2014,297.730011
12/19/2014,299.899994
12/22/2014,306.540009
12/23/2014,306.290009
12/24/2014,303.029999
12/26/2014,309.089996
12/29/2014,312.040009
12/30/2014,310.299988
12/31/2014,310.350006
1/2/2015,308.519989
1/5/2015,302.190002
1/6/2015,295.290009
1/7/2015,298.420013
1/8/2015,300.459991
1/9/2015,296.929993
1/12/2015,291.410004
1/13/2015,294.73999
1/14/2015,293.269989
1/15/2015,286.950012
1/16/2015,290.73999
1/20/2015,289.440002
1/21/2015,297.25
1/22/2015,310.320007
1/23/2015,312.390015
1/26/2015,309.660004
1/27/2015,306.75
1/28/2015,303.910004
1/29/2015,311.779999
1/30/2015,354.529999
2/2/2015,364.470001
2/3/2015,363.549988
2/4/2015,364.75
2/5/2015,373.890015
2/6/2015,374.279999
2/9/2015,370.559998
2/10/2015,373
2/11/2015,375.140015
2/12/2015,377.170013
2/13/2015,381.829987
2/17/2015,375.429993
2/18/2015,373.369995
2/19/2015,379
2/20/2015,383.660004
2/23/2015,380.140015
2/24/2015,378.589996
2/25/2015,385.369995
2/26/2015,384.799988
2/27/2015,380.160004
3/2/2015,385.660004
3/3/2015,384.609985
3/4/2015,382.720001
3/5/2015,387.829987
3/6/2015,380.089996
3/9/2015,378.559998
3/10/2015,369.51001
3/11/2015,366.369995
3/12/2015,374.23999
3/13/2015,370.579987
3/16/2015,373.350006
3/17/2015,371.920013
3/18/2015,375.140015
3/19/2015,373.23999
3/20/2015,378.48999
3/23/2015,375.109985
3/24/2015,374.089996
3/25/2015,370.959991
3/26/2015,367.350006
3/27/2015,370.559998
3/30/2015,374.589996
3/31/2015,372.100006
4/1/2015,370.26001
4/2/2015,372.25
4/6/2015,377.040009
4/7/2015,374.410004
4/8/2015,381.200012
4/9/2015,383.540009
4/10/2015,382.649994
4/13/2015,382.359985
4/14/2015,385.109985
4/15/2015,383.450012
4/16/2015,386.040009
4/17/2015,375.559998
4/20/2015,389.51001
4/21/2015,391.179993
4/22/2015,389.799988
4/23/2015,389.98999
4/24/2015,445.100006
4/27/2015,438.559998
4/28/2015,429.309998
4/29/2015,429.369995
4/30/2015,421.779999
5/1/2015,422.869995
5/4/2015,423.040009
5/5/2015,421.190002
5/6/2015,419.100006
5/7/2015,426.880005
5/8/2015,433.690002
5/11/2015,432.850006
5/12/2015,431.019989
5/13/2015,426.869995
5/14/2015,432.279999
5/15/2015,426
5/18/2015,425.23999
5/19/2015,421.709991
5/20/2015,423.859985
5/21/2015,431.630005
5/22/2015,427.630005
5/26/2015,425.470001
5/27/2015,431.420013
5/28/2015,426.570007
5/29/2015,429.230011
6/1/2015,430.920013
6/2/2015,430.98999
6/3/2015,436.589996
6/4/2015,430.779999
6/5/2015,426.950012
6/8/2015,423.5
6/9/2015,425.480011
6/10/2015,430.769989
6/11/2015,432.970001
6/12/2015,429.920013
6/15/2015,423.670013
6/16/2015,427.26001
6/17/2015,427.809998
6/18/2015,439.390015
6/19/2015,434.920013
6/22/2015,436.290009
6/23/2015,445.98999
6/24/2015,440.839996
6/25/2015,440.100006
6/26/2015,438.100006
6/29/2015,429.859985
6/30/2015,434.089996
7/1/2015,437.390015
7/2/2015,437.709991
7/6/2015,436.040009
7/7/2015,436.720001
7/8/2015,429.700012
7/9/2015,434.390015
7/10/2015,443.51001
7/13/2015,455.570007
7/14/2015,465.570007
7/15/2015,461.190002
7/16/2015,475.480011
7/17/2015,483.01001
7/20/2015,488.100006
7/21/2015,488
7/22/2015,488.269989
7/23/2015,482.179993
7/24/2015,529.419983
7/27/2015,531.409973
7/28/2015,526.030029
7/29/2015,529
7/30/2015,536.76001
7/31/2015,536.150024
8/3/2015,535.030029
8/4/2015,531.900024
8/5/2015,537.01001
8/6/2015,529.460022
8/7/2015,522.619995
8/10/2015,524
8/11/2015,527.460022
8/12/2015,525.909973
8/13/2015,529.659973
8/14/2015,531.52002
8/17/2015,535.219971
8/18/2015,535.02002
8/19/2015,532.919983
8/20/2015,515.780029
8/21/2015,494.470001
8/24/2015,463.369995
8/25/2015,466.369995
8/26/2015,500.769989
8/27/2015,518.369995
8/28/2015,518.01001
8/31/2015,512.890015
9/1/2015,496.540009
9/2/2015,510.549988
9/3/2015,504.720001
9/4/2015,499
9/8/2015,517.539978
9/9/2015,516.890015
9/10/2015,522.23999
9/11/2015,529.440002
9/14/2015,521.380005
9/15/2015,522.369995
9/16/2015,527.390015
9/17/2015,538.869995
9/18/2015,540.26001
9/21/2015,548.390015
9/22/2015,538.400024
9/23/2015,536.070007
9/24/2015,533.75
9/25/2015,524.25
9/28/2015,504.059998
9/29/2015,496.070007
9/30/2015,511.890015
10/1/2015,520.719971
10/2/2015,532.539978
10/5/2015,543.679993
10/6/2015,537.47998
10/7/2015,541.940002
10/8/2015,533.159973
10/9/2015,539.799988
10/12/2015,550.190002
10/13/2015,548.900024
10/14/2015,544.830017
10/15/2015,562.440002
10/16/2015,570.76001
10/19/2015,573.150024
10/20/2015,560.880005
10/21/2015,555.77002
10/22/2015,563.909973
10/23/2015,599.030029
10/26/2015,608.609985
10/27/2015,611.01001
10/28/2015,617.099976
10/29/2015,626.549988
10/30/2015,625.900024
11/2/2015,628.349976
11/3/2015,625.309998
11/4/2015,640.950012
11/5/2015,655.650024
11/6/2015,659.369995
11/9/2015,655.48999
11/10/2015,659.679993
11/11/2015,673.25
11/12/2015,665.599976
11/13/2015,642.349976
11/16/2015,647.809998
11/17/2015,643.299988
11/18/2015,663.539978
11/19/2015,661.27002
11/20/2015,668.450012
11/23/2015,678.98999
11/24/2015,671.150024
11/25/2015,675.340027
11/27/2015,673.26001
11/30/2015,664.799988
12/1/2015,679.059998
12/2/2015,676.01001
12/3/2015,666.25
12/4/2015,672.640015
12/7/2015,669.830017
12/8/2015,677.330017
12/9/2015,664.789978
12/10/2015,662.320007
12/11/2015,640.150024
12/14/2015,657.909973
12/15/2015,658.640015
12/16/2015,675.77002
12/17/2015,670.650024
12/18/2015,664.140015
12/21/2015,664.51001
12/22/2015,663.150024
12/23/2015,663.700012
12/24/2015,662.789978
12/28/2015,675.200012
12/29/2015,693.969971
12/30/2015,689.070007
12/31/2015,675.890015
1/4/2016,636.98999
1/5/2016,633.789978
1/6/2016,632.650024
1/7/2016,607.940002
1/8/2016,607.049988
1/11/2016,617.73999
1/12/2016,617.890015
1/13/2016,581.809998
1/14/2016,593
1/15/2016,570.179993
1/19/2016,574.47998
1/20/2016,571.77002
1/21/2016,575.02002
1/22/2016,596.380005
1/25/2016,596.530029
1/26/2016,601.25
1/27/2016,583.349976
1/28/2016,635.349976
1/29/2016,587
2/1/2016,574.809998
2/2/2016,552.099976
2/3/2016,531.070007
2/4/2016,536.26001
2/5/2016,502.130005
2/8/2016,488.100006
2/9/2016,482.070007
2/10/2016,490.480011
2/11/2016,503.820007
2/12/2016,507.079987
2/16/2016,521.099976
2/17/2016,534.099976
2/18/2016,525
2/19/2016,534.900024
2/22/2016,559.5
2/23/2016,552.940002
2/24/2016,554.039978
2/25/2016,555.150024
2/26/2016,555.22998
2/29/2016,552.52002
3/1/2016,579.039978
3/2/2016,580.210022
3/3/2016,577.48999
3/4/2016,575.140015
3/7/2016,562.799988
3/8/2016,560.26001
3/9/2016,559.469971
3/10/2016,558.929993
3/11/2016,569.609985
3/14/2016,573.369995
3/15/2016,577.02002
3/16/2016,574.27002
3/17/2016,559.440002
3/18/2016,552.080017
3/21/2016,553.97998
3/22/2016,560.47998
3/23/2016,569.630005
3/24/2016,582.950012
3/28/2016,579.869995
3/29/2016,593.859985
3/30/2016,598.690002
3/31/2016,593.640015
4/1/2016,598.5
4/4/2016,593.190002
4/5/2016,586.140015
4/6/2016,602.080017
4/7/2016,591.429993
4/8/2016,594.599976
4/11/2016,595.929993
4/12/2016,603.169983
4/13/2016,614.820007
4/14/2016,620.75
4/15/2016,625.890015
4/18/2016,635.349976
4/19/2016,627.900024
4/20/2016,632.98999
4/21/2016,631
4/22/2016,620.5
4/25/2016,626.200012
4/26/2016,616.880005
4/27/2016,606.570007
4/28/2016,602
4/29/2016,659.590027
5/2/2016,683.849976
5/3/2016,671.320007
5/4/2016,670.900024
5/5/2016,659.090027
5/6/2016,673.950012
5/9/2016,679.75
5/10/2016,703.070007
5/11/2016,713.22998
5/12/2016,717.929993
5/13/2016,709.919983
5/16/2016,710.659973
5/17/2016,695.27002
5/18/2016,697.450012
5/19/2016,698.52002
5/20/2016,702.799988
5/23/2016,696.75
5/24/2016,704.200012
5/25/2016,708.349976
5/26/2016,714.909973
5/27/2016,712.23999
5/31/2016,722.789978
6/1/2016,719.440002
6/2/2016,728.23999
6/3/2016,725.539978
6/6/2016,726.72998
6/7/2016,723.73999
6/8/2016,726.640015
6/9/2016,727.650024
6/10/2016,717.909973
6/13/2016,715.23999
6/14/2016,719.299988
6/15/2016,714.26001
6/16/2016,717.51001
6/17/2016,706.390015
6/20/2016,714.01001
6/21/2016,715.820007
6/22/2016,710.599976
6/23/2016,722.080017
6/24/2016,698.960022
6/27/2016,691.359985
6/28/2016,707.950012
6/29/2016,715.599976
6/30/2016,715.619995
7/1/2016,725.679993
7/5/2016,728.099976
7/6/2016,737.609985
7/7/2016,736.570007
7/8/2016,745.809998
7/11/2016,753.780029
7/12/2016,748.210022
7/13/2016,742.630005
7/14/2016,741.200012
7/15/2016,735.440002
7/18/2016,736.070007
7/19/2016,739.950012
7/20/2016,745.719971
7/21/2016,744.429993
7/22/2016,744.859985
7/25/2016,739.609985
7/26/2016,735.590027
7/27/2016,736.669983
7/28/2016,752.609985
7/29/2016,758.809998
8/1/2016,767.73999
8/2/2016,760.580017
8/3/2016,754.640015
8/4/2016,760.77002
8/5/2016,765.97998
8/8/2016,766.559998
8/9/2016,768.309998
8/10/2016,768.559998
8/11/2016,771.23999
8/12/2016,772.559998
8/15/2016,768.48999
8/16/2016,764.039978
8/17/2016,764.630005
8/18/2016,764.460022
8/19/2016,757.309998
8/22/2016,759.47998
8/23/2016,762.450012
8/24/2016,757.25
8/25/2016,759.219971
8/26/2016,769
8/29/2016,771.289978
8/30/2016,767.580017
8/31/2016,769.159973
9/1/2016,770.619995
9/2/2016,772.440002
9/6/2016,788.869995
9/7/2016,784.47998
9/8/2016,784.059998
9/9/2016,760.140015
9/12/2016,771.48999
9/13/2016,761.01001
9/14/2016,761.090027
9/15/2016,769.690002
9/16/2016,778.52002
9/19/2016,775.099976
9/20/2016,780.219971
9/21/2016,789.73999
9/22/2016,804.700012
9/23/2016,805.75
9/26/2016,799.159973
9/27/2016,816.109985
9/28/2016,828.719971
9/29/2016,829.049988
9/30/2016,837.309998
10/3/2016,836.73999
10/4/2016,834.030029
10/5/2016,844.359985
10/6/2016,841.659973
10/7/2016,839.429993
10/10/2016,841.710022
10/11/2016,831
10/12/2016,834.090027
10/13/2016,829.280029
10/14/2016,822.960022
10/17/2016,812.950012
10/18/2016,817.650024
10/19/2016,817.690002
10/20/2016,810.320007
10/21/2016,818.98999
10/24/2016,838.090027
10/25/2016,835.179993
10/26/2016,822.590027
10/27/2016,818.359985
10/28/2016,776.320007
10/31/2016,789.820007
11/1/2016,785.409973
11/2/2016,765.559998
11/3/2016,767.030029
11/4/2016,755.049988
11/7/2016,784.929993
11/8/2016,787.75
11/9/2016,771.880005
11/10/2016,742.380005
11/11/2016,739.01001
11/14/2016,719.070007
11/15/2016,743.23999
11/16/2016,746.48999
11/17/2016,756.400024
11/18/2016,760.159973
11/21/2016,780
11/22/2016,785.330017
11/23/2016,780.119995
11/25/2016,780.369995
11/28/2016,766.77002
11/29/2016,762.52002
11/30/2016,750.570007
12/1/2016,743.650024
12/2/2016,740.340027
12/5/2016,759.359985
12/6/2016,764.719971
12/7/2016,770.419983
12/8/2016,767.330017
12/9/2016,768.659973
12/12/2016,760.119995
12/13/2016,774.340027
12/14/2016,768.820007
12/15/2016,761
12/16/2016,757.77002
12/19/2016,766
12/20/2016,771.219971
12/21/2016,770.599976
12/22/2016,766.340027
12/23/2016,760.590027
12/27/2016,771.400024
12/28/2016,772.130005
12/29/2016,765.150024
12/30/2016,749.869995
1/3/2017,753.669983
1/4/2017,757.179993
1/5/2017,780.450012
1/6/2017,795.98999
1/9/2017,796.919983
1/10/2017,795.900024
1/11/2017,799.02002
1/12/2017,813.640015
1/13/2017,817.140015
1/17/2017,809.719971
1/18/2017,807.47998
1/19/2017,809.039978
1/20/2017,808.330017
1/23/2017,817.880005
1/24/2017,822.440002
1/25/2017,836.52002
1/26/2017,839.150024
1/27/2017,835.77002
1/30/2017,830.380005
1/31/2017,823.47998
2/1/2017,832.349976
2/2/2017,839.950012
2/3/2017,810.200012
2/6/2017,807.640015
2/7/2017,812.5
2/8/2017,819.710022
2/9/2017,821.359985
2/10/2017,827.460022
2/13/2017,836.530029
2/14/2017,836.390015
2/15/2017,842.700012
2/16/2017,844.140015
2/17/2017,845.070007
2/21/2017,856.440002
2/22/2017,855.609985
2/23/2017,852.190002
2/24/2017,845.23999
2/27/2017,848.640015
2/28/2017,845.039978
3/1/2017,853.080017
3/2/2017,848.909973
3/3/2017,849.880005
3/6/2017,846.609985
3/7/2017,846.02002
3/8/2017,850.5
3/9/2017,853
3/10/2017,852.460022
3/13/2017,854.590027
3/14/2017,852.530029
3/15/2017,852.969971
3/16/2017,853.419983
3/17/2017,852.309998
3/20/2017,856.969971
3/21/2017,843.200012
3/22/2017,848.059998
3/23/2017,847.380005
3/24/2017,845.609985
3/27/2017,846.820007
3/28/2017,856
3/29/2017,874.320007
3/30/2017,876.340027
3/31/2017,886.539978
4/3/2017,891.51001
4/4/2017,906.830017
4/5/2017,909.280029
4/6/2017,898.280029
4/7/2017,894.880005
4/10/2017,907.039978
4/11/2017,902.359985
4/12/2017,896.22998
4/13/2017,884.669983
4/17/2017,901.98999
4/18/2017,903.780029
4/19/2017,899.200012
4/20/2017,902.059998
4/21/2017,898.530029
4/24/2017,907.409973
4/25/2017,907.619995
4/26/2017,909.289978
4/27/2017,918.380005
4/28/2017,924.98999
5/1/2017,948.22998
5/2/2017,946.940002
5/3/2017,941.030029
5/4/2017,937.530029
5/5/2017,934.150024
5/8/2017,949.039978
5/9/2017,952.820007
5/10/2017,948.950012
5/11/2017,947.619995
5/12/2017,961.349976
5/15/2017,957.969971
5/16/2017,966.070007
5/17/2017,944.76001
5/18/2017,958.48999
5/19/2017,959.840027
5/22/2017,970.669983
5/23/2017,971.539978
5/24/2017,980.349976
5/25/2017,993.380005
5/26/2017,995.780029
5/30/2017,996.700012
5/31/2017,994.619995
6/1/2017,995.950012
6/2/2017,1006.72998
6/5/2017,1011.340027
6/6/2017,1003
6/7/2017,1010.070007
6/8/2017,1010.27002
6/9/2017,978.309998
6/12/2017,964.909973
6/13/2017,980.789978
6/14/2017,976.469971
6/15/2017,964.169983
6/16/2017,987.710022
6/19/2017,995.169983
6/20/2017,992.590027
6/21/2017,1002.22998
6/22/2017,1001.299988
6/23/2017,1003.73999
6/26/2017,993.97998
6/27/2017,976.780029
6/28/2017,990.330017
6/29/2017,975.929993
6/30/2017,968
7/3/2017,953.659973
7/5/2017,971.400024
7/6/2017,965.140015
7/7/2017,978.76001
7/10/2017,996.469971
7/11/2017,994.130005
7/12/2017,1006.51001
7/13/2017,1000.630005
7/14/2017,1001.809998
7/17/2017,1010.039978
7/18/2017,1024.449951
7/19/2017,1026.869995
7/20/2017,1028.699951
7/21/2017,1025.670044
7/24/2017,1038.949951
7/25/2017,1039.869995
7/26/2017,1052.800049
7/27/2017,1046
7/28/2017,1020.039978
7/31/2017,987.780029
8/1/2017,996.190002
8/2/2017,995.890015
8/3/2017,986.919983
8/4/2017,987.580017
8/7/2017,992.27002
8/8/2017,989.840027
8/9/2017,982.01001
8/10/2017,956.919983
8/11/2017,967.98999
8/14/2017,983.299988
8/15/2017,982.73999
8/16/2017,978.179993
8/17/2017,960.570007
8/18/2017,958.469971
8/21/2017,953.289978
8/22/2017,966.900024
8/23/2017,958
8/24/2017,952.450012
8/25/2017,945.26001
8/28/2017,946.02002
8/29/2017,954.059998
8/30/2017,967.590027
8/31/2017,980.599976
9/1/2017,978.25
9/5/2017,965.27002
9/6/2017,967.799988
9/7/2017,979.469971
9/8/2017,965.900024
9/11/2017,977.960022
9/12/2017,982.580017
9/13/2017,999.599976
9/14/2017,992.210022
9/15/2017,986.789978
9/18/2017,974.190002
9/19/2017,969.859985
9/20/2017,973.210022
9/21/2017,964.650024
9/22/2017,955.099976
9/25/2017,939.789978
9/26/2017,938.599976
9/27/2017,950.869995
9/28/2017,956.400024
9/29/2017,961.349976
10/2/2017,959.190002
10/3/2017,957.099976
10/4/2017,965.450012
10/5/2017,980.849976
10/6/2017,989.580017
10/9/2017,990.98999
10/10/2017,987.200012
10/11/2017,995
10/12/2017,1000.929993
10/13/2017,1002.940002
10/16/2017,1006.340027
10/17/2017,1009.130005
10/18/2017,997
10/19/2017,986.609985
10/20/2017,982.909973
10/23/2017,966.299988
10/24/2017,975.900024
10/25/2017,972.909973
10/26/2017,972.429993
10/27/2017,1100.949951
10/30/2017,1110.849976
10/31/2017,1105.280029
11/1/2017,1103.680054
11/2/2017,1094.219971
11/3/2017,1111.599976
11/6/2017,1120.660034
11/7/2017,1123.170044
11/8/2017,1132.880005
11/9/2017,1129.130005
11/10/2017,1125.349976
11/13/2017,1129.170044
11/14/2017,1136.839966
11/15/2017,1126.689941
11/16/2017,1137.290039
11/17/2017,1129.880005
11/20/2017,1126.310059
11/21/2017,1139.48999
11/22/2017,1156.160034
11/24/2017,1186
11/27/2017,1195.829956
11/28/2017,1193.599976
11/29/2017,1161.27002
11/30/2017,1176.75
12/1/2017,1162.349976
12/4/2017,1133.949951
12/5/2017,1141.569946
12/6/2017,1152.349976
12/7/2017,1159.790039
12/8/2017,1162
12/11/2017,1168.920044
12/12/2017,1165.079956
12/13/2017,1164.130005
12/14/2017,1174.26001
12/15/2017,1179.140015
12/18/2017,1190.579956
12/19/2017,1187.380005
12/20/2017,1177.619995
12/21/2017,1174.76001
12/22/2017,1168.359985
12/26/2017,1176.76001
12/27/2017,1182.26001
12/28/2017,1186.099976
12/29/2017,1169.469971
1/2/2018,1189.01001
1/3/2018,1204.199951
1/4/2018,1209.589966
1/5/2018,1229.140015
1/8/2018,1246.869995
1/9/2018,1252.699951
1/10/2018,1254.329956
1/11/2018,1276.680054
1/12/2018,1305.199951
1/16/2018,1304.859985
1/17/2018,1295
1/18/2018,1293.319946
1/19/2018,1294.579956
1/22/2018,1327.310059
1/23/2018,1362.540039
1/24/2018,1357.51001
1/25/2018,1377.949951
1/26/2018,1402.050049
1/29/2018,1417.680054
1/30/2018,1437.819946
1/31/2018,1450.890015
2/1/2018,1390
2/2/2018,1429.949951
2/5/2018,1390
2/6/2018,1442.839966
2/7/2018,1416.780029
2/8/2018,1350.5
2/9/2018,1339.599976
2/12/2018,1386.22998
2/13/2018,1414.51001
2/14/2018,1451.050049
2/15/2018,1461.76001
2/16/2018,1448.689941
2/20/2018,1468.349976
2/21/2018,1482.920044
2/22/2018,1485.339966
2/23/2018,1500
2/26/2018,1521.949951
2/27/2018,1511.97998
2/28/2018,1512.449951
3/1/2018,1493.449951
3/2/2018,1500.25
3/5/2018,1523.609985
3/6/2018,1537.640015
3/7/2018,1545
3/8/2018,1551.859985
3/9/2018,1578.890015
3/12/2018,1598.390015
3/13/2018,1588.180054
3/14/2018,1591
3/15/2018,1582.319946
3/16/2018,1571.680054
3/19/2018,1544.930054
3/20/2018,1586.51001
3/21/2018,1581.859985
3/22/2018,1544.920044
3/23/2018,1495.560059
3/26/2018,1555.859985
3/27/2018,1497.050049
3/28/2018,1431.420044
3/29/2018,1447.339966
4/2/2018,1371.98999
4/3/2018,1392.050049
4/4/2018,1410.569946
4/5/2018,1451.75
4/6/2018,1405.22998
4/9/2018,1406.079956
4/10/2018,1436.219971
4/11/2018,1427.050049
4/12/2018,1448.5
4/13/2018,1430.790039
4/16/2018,1441.5
4/17/2018,1503.829956
4/18/2018,1527.839966
4/19/2018,1556.910034
4/20/2018,1527.48999
4/23/2018,1517.859985
4/24/2018,1460.089966
4/25/2018,1460.170044
4/26/2018,1517.959961
4/27/2018,1572.619995
4/30/2018,1566.130005
5/1/2018,1582.26001
5/2/2018,1569.680054
5/3/2018,1572.079956
5/4/2018,1580.949951
5/7/2018,1600.140015
5/8/2018,1592.390015
5/9/2018,1608
5/10/2018,1609.079956
5/11/2018,1602.910034
5/14/2018,1601.540039
5/15/2018,1576.119995
5/16/2018,1587.280029
5/17/2018,1581.76001
5/18/2018,1574.369995
5/21/2018,1585.459961
5/22/2018,1581.400024
5/23/2018,1601.859985
5/24/2018,1603.069946
5/25/2018,1610.150024
5/29/2018,1612.869995
5/30/2018,1624.890015
5/31/2018,1629.619995
6/1/2018,1641.540039
6/4/2018,1665.27002
6/5/2018,1696.349976
6/6/2018,1695.75
6/7/2018,1689.300049
6/8/2018,1683.98999
6/11/2018,1689.119995
6/12/2018,1698.75
6/13/2018,1704.859985
6/14/2018,1723.859985
6/15/2018,1715.969971
6/18/2018,1723.790039
6/19/2018,1734.780029
6/20/2018,1750.079956
6/21/2018,1730.219971
6/22/2018,1715.670044
6/25/2018,1663.150024
6/26/2018,1691.089966
6/27/2018,1660.51001
6/28/2018,1701.449951
6/29/2018,1699.800049
7/2/2018,1713.780029
7/3/2018,1693.959961
7/5/2018,1699.72998
7/6/2018,1710.630005
7/9/2018,1739.02002
7/10/2018,1743.069946
7/11/2018,1755
7/12/2018,1796.619995
7/13/2018,1813.030029
7/16/2018,1822.48999
7/17/2018,1843.930054
7/18/2018,1842.920044
7/19/2018,1812.969971
7/20/2018,1813.699951
7/23/2018,1802
7/24/2018,1829.23999
7/25/2018,1863.609985
7/26/2018,1808
7/27/2018,1817.27002
7/30/2018,1779.219971
7/31/2018,1777.439941
8/1/2018,1797.170044
8/2/2018,1834.329956
8/3/2018,1823.290039
8/6/2018,1847.75
8/7/2018,1862.47998
8/8/2018,1886.52002
8/9/2018,1898.52002
8/10/2018,1886.300049
8/13/2018,1896.199951
8/14/2018,1919.650024
8/15/2018,1882.619995
8/16/2018,1886.52002
8/17/2018,1882.219971
8/20/2018,1876.709961
8/21/2018,1883.420044
8/22/2018,1904.900024
8/23/2018,1902.900024
8/24/2018,1905.390015
8/27/2018,1927.680054
8/28/2018,1932.819946
8/29/2018,1998.099976
8/30/2018,2002.380005
8/31/2018,2012.709961
9/4/2018,2039.51001
9/5/2018,1994.819946
9/6/2018,1958.310059
9/7/2018,1952.069946
9/10/2018,1939.01001
9/11/2018,1987.150024
9/12/2018,1990
9/13/2018,1989.869995
9/14/2018,1970.189941
9/17/2018,1908.030029
9/18/2018,1941.050049
9/19/2018,1926.420044
9/20/2018,1944.300049
9/21/2018,1915.01001
9/24/2018,1934.359985
9/25/2018,1974.550049
9/26/2018,1974.849976
9/27/2018,2012.97998
9/28/2018,2003
10/1/2018,2004.359985
10/2/2018,1971.310059
10/3/2018,1952.76001
10/4/2018,1909.420044
10/5/2018,1889.650024
10/8/2018,1864.420044
10/9/2018,1870.319946
10/10/2018,1755.25
10/11/2018,1719.359985
10/12/2018,1788.609985
10/15/2018,1760.949951
10/16/2018,1819.959961
10/17/2018,1831.72998
10/18/2018,1770.719971
10/19/2018,1764.030029
10/22/2018,1789.300049
10/23/2018,1768.699951
10/24/2018,1664.199951
10/25/2018,1782.170044
10/26/2018,1642.810059
10/29/2018,1538.880005
10/30/2018,1530.420044
10/31/2018,1598.01001
11/1/2018,1665.530029
11/2/2018,1665.530029
11/5/2018,1627.800049
11/6/2018,1642.810059
11/7/2018,1755.48999
11/8/2018,1754.910034
11/9/2018,1712.430054
11/12/2018,1636.849976
11/13/2018,1631.170044
11/14/2018,1599.01001
11/15/2018,1619.439941
11/16/2018,1593.410034
11/19/2018,1512.290039
11/20/2018,1495.459961
11/21/2018,1516.72998
11/23/2018,1502.060059
11/26/2018,1581.329956
11/27/2018,1581.420044
11/28/2018,1677.75
11/29/2018,1673.569946
11/30/2018,1690.170044
12/3/2018,1772.359985
12/4/2018,1668.400024
12/6/2018,1699.189941
12/7/2018,1629.130005
12/10/2018,1641.030029
12/11/2018,1643.23999
12/12/2018,1663.540039
12/13/2018,1658.380005
12/14/2018,1591.910034
12/17/2018,1520.910034
12/18/2018,1551.47998
12/19/2018,1495.079956
12/20/2018,1460.829956
12/21/2018,1377.449951
12/24/2018,1343.959961
12/26/2018,1470.900024
12/27/2018,1461.640015
12/28/2018,1478.02002
12/31/2018,1501.969971
1/2/2019,1539.130005
1/3/2019,1500.280029
1/4/2019,1575.390015
1/7/2019,1629.51001
1/8/2019,1656.579956
1/9/2019,1659.420044
1/10/2019,1656.219971
1/11/2019,1640.560059
1/14/2019,1617.209961
1/15/2019,1674.560059
1/16/2019,1683.780029
1/17/2019,1693.219971
1/18/2019,1696.199951
1/22/2019,1632.170044
1/23/2019,1640.02002
1/24/2019,1654.930054
1/25/2019,1670.569946
1/28/2019,1637.890015
1/29/2019,1593.880005
1/30/2019,1670.430054
1/31/2019,1718.72998
2/1/2019,1626.22998
2/4/2019,1633.310059
2/5/2019,1658.810059
2/6/2019,1640.26001
2/7/2019,1614.369995
2/8/2019,1588.219971
2/11/2019,1591
2/12/2019,1638.01001
2/13/2019,1640
2/14/2019,1622.650024
2/15/2019,1607.949951
2/19/2019,1627.579956
2/20/2019,1622.099976
2/21/2019,1619.439941
2/22/2019,1631.560059
2/25/2019,1633
2/26/2019,1636.400024
2/27/2019,1641.089966
2/28/2019,1639.829956
3/1/2019,1671.72998
3/4/2019,1696.170044
3/5/2019,1692.430054
3/6/2019,1668.949951
3/7/2019,1625.949951
3/8/2019,1620.800049
3/11/2019,1670.619995
3/12/2019,1673.099976
3/13/2019,1690.810059
3/14/2019,1686.219971
3/15/2019,1712.359985
3/18/2019,1742.150024
3/19/2019,1761.849976
3/20/2019,1797.27002
3/21/2019,1819.26001
3/22/2019,1764.77002
3/25/2019,1774.26001
3/26/2019,1783.76001
3/27/2019,1765.699951
3/28/2019,1773.420044
3/29/2019,1780.75
4/1/2019,1814.189941
4/2/2019,1813.97998
4/3/2019,1820.699951
4/4/2019,1818.859985
4/5/2019,1837.280029
4/8/2019,1849.859985
4/9/2019,1835.839966
4/10/2019,1847.329956
4/11/2019,1844.069946
4/12/2019,1843.060059
4/15/2019,1844.869995
4/16/2019,1863.040039
4/17/2019,1864.819946
4/18/2019,1861.689941
4/22/2019,1887.310059
4/23/2019,1923.77002
4/24/2019,1901.75
4/25/2019,1902.25
4/26/2019,1950.630005
4/29/2019,1938.430054
4/30/2019,1926.52002
5/1/2019,1911.52002
5/2/2019,1900.819946
5/3/2019,1962.459961
5/6/2019,1950.550049
5/7/2019,1921
5/8/2019,1917.77002
5/9/2019,1899.869995
5/10/2019,1889.97998
5/13/2019,1822.680054
5/14/2019,1840.119995
5/15/2019,1871.150024
5/16/2019,1907.569946
5/17/2019,1869
5/20/2019,1858.969971
5/21/2019,1857.52002
5/22/2019,1859.680054
5/23/2019,1815.47998
5/24/2019,1823.280029
5/28/2019,1836.430054
5/29/2019,1819.189941
5/30/2019,1816.319946
5/31/2019,1775.069946
6/3/2019,1692.689941
6/4/2019,1729.560059
6/5/2019,1738.5
6/6/2019,1754.359985
6/7/2019,1804.030029
6/10/2019,1860.630005
6/11/2019,1863.699951
6/12/2019,1855.319946
6/13/2019,1870.300049
6/14/2019,1869.670044
6/17/2019,1886.030029
6/18/2019,1901.369995
6/19/2019,1908.790039
6/20/2019,1918.189941
6/21/2019,1911.300049
6/24/2019,1913.900024
6/25/2019,1878.27002
6/26/2019,1897.829956
6/27/2019,1904.280029
6/28/2019,1893.630005
7/1/2019,1922.189941
7/2/2019,1934.310059
7/3/2019,1939
7/5/2019,1942.910034
7/8/2019,1952.319946
7/9/2019,1988.300049
7/10/2019,2017.410034
7/11/2019,2001.069946
7/12/2019,2011
7/15/2019,2020.98999
7/16/2019,2009.900024
7/17/2019,1992.030029
7/18/2019,1977.900024
7/19/2019,1964.52002
7/22/2019,1985.630005
7/23/2019,1994.48999
7/24/2019,2000.810059
7/25/2019,1973.819946
7/26/2019,1943.050049
7/29/2019,1912.449951
7/30/2019,1898.530029
7/31/2019,1866.780029
8/1/2019,1855.319946
8/2/2019,1823.23999
8/5/2019,1765.130005
8/6/2019,1787.829956
8/7/2019,1793.400024
8/8/2019,1832.890015
8/9/2019,1807.579956
8/12/2019,1784.920044
8/13/2019,1824.339966
8/14/2019,1762.959961
8/15/2019,1776.119995
8/16/2019,1792.569946
8/19/2019,1816.119995
8/20/2019,1801.380005
8/21/2019,1823.540039
8/22/2019,1804.660034
8/23/2019,1749.619995
8/26/2019,1768.869995
8/27/2019,1761.829956
8/28/2019,1764.25
8/29/2019,1786.400024
8/30/2019,1776.290039
9/3/2019,1789.839966
9/4/2019,1800.619995
9/5/2019,1840.719971
9/6/2019,1833.51001
9/9/2019,1831.349976
9/10/2019,1820.550049
9/11/2019,1822.98999
9/12/2019,1843.550049
9/13/2019,1839.339966
9/16/2019,1807.839966
9/17/2019,1822.550049
9/18/2019,1817.459961
9/19/2019,1821.5
9/20/2019,1794.160034
9/23/2019,1785.300049
9/24/2019,1741.609985
9/25/2019,1768.329956
9/26/2019,1739.839966
9/27/2019,1725.449951
9/30/2019,1735.910034
10/1/2019,1735.650024
10/2/2019,1713.22998
10/3/2019,1724.420044
10/4/2019,1739.650024
10/7/2019,1732.660034
10/8/2019,1705.51001
10/9/2019,1721.98999
10/10/2019,1720.26001
10/11/2019,1731.920044
10/14/2019,1736.430054
10/15/2019,1767.380005
10/16/2019,1777.430054
10/17/2019,1787.47998
10/18/2019,1757.51001
10/21/2019,1785.660034
10/22/2019,1765.72998
10/23/2019,1762.170044
10/24/2019,1780.780029
10/25/2019,1761.329956
10/28/2019,1777.079956
10/29/2019,1762.709961
10/30/2019,1779.98999
10/31/2019,1776.660034
11/1/2019,1791.439941
11/4/2019,1804.660034
11/5/2019,1801.709961
11/6/2019,1795.77002
11/7/2019,1788.199951
11/8/2019,1785.880005
11/11/2019,1771.650024
11/12/2019,1778
11/13/2019,1753.109985
11/14/2019,1754.599976
11/15/2019,1739.48999
11/18/2019,1752.530029
11/19/2019,1752.790039
11/20/2019,1745.530029
11/21/2019,1734.709961
11/22/2019,1745.719971
11/25/2019,1773.839966
11/26/2019,1796.939941
11/27/2019,1818.51001
11/29/2019,1800.800049
12/2/2019,1781.599976
12/3/2019,1769.959961
12/4/2019,1760.689941
12/5/2019,1740.47998
12/6/2019,1751.599976
12/9/2019,1749.51001
12/10/2019,1739.209961
12/11/2019,1748.719971
12/12/2019,1760.329956
12/13/2019,1760.939941
12/16/2019,1769.209961
12/17/2019,1790.660034
12/18/2019,1784.030029
12/19/2019,1792.280029
12/20/2019,1786.5
12/23/2019,1793
12/24/2019,1789.209961
12/26/2019,1868.77002
12/27/2019,1869.800049
12/30/2019,1846.890015
12/31/2019,1847.839966
1/2/2020,1898.01001
1/3/2020,1874.969971
1/6/2020,1902.880005
1/7/2020,1906.859985
1/8/2020,1891.969971
1/9/2020,1901.050049
1/10/2020,1883.160034
1/13/2020,1891.300049
1/14/2020,1869.439941
1/15/2020,1862.02002
1/16/2020,1877.939941
1/17/2020,1864.719971
1/21/2020,1892
1/22/2020,1887.459961
1/23/2020,1884.579956
1/24/2020,1861.640015
1/27/2020,1828.339966
1/28/2020,1853.25
1/29/2020,1858
1/30/2020,1870.680054
1/31/2020,2008.719971
2/3/2020,2004.199951
2/4/2020,2049.669922
2/5/2020,2039.869995
2/6/2020,2050.22998
2/7/2020,2079.280029
2/10/2020,2133.909912
2/11/2020,2150.800049
2/12/2020,2160
2/13/2020,2149.870117
2/14/2020,2134.870117
2/18/2020,2155.669922
2/19/2020,2170.219971
2/20/2020,2153.100098
2/21/2020,2095.969971
2/24/2020,2009.290039
2/25/2020,1972.73999
2/26/2020,1979.589966
2/27/2020,1884.300049
2/28/2020,1883.75
3/2/2020,1953.949951
3/3/2020,1908.98999
3/4/2020,1975.829956
3/5/2020,1924.030029
3/6/2020,1901.089966
3/9/2020,1800.609985
3/10/2020,1891.819946
3/11/2020,1820.859985
3/12/2020,1676.609985
3/13/2020,1785
3/16/2020,1689.150024
3/17/2020,1807.839966
3/18/2020,1830
3/19/2020,1880.930054
3/20/2020,1846.089966
3/23/2020,1902.829956
3/24/2020,1940.099976
3/25/2020,1885.839966
3/26/2020,1955.48999
3/27/2020,1900.099976
3/30/2020,1963.949951
3/31/2020,1949.719971
4/1/2020,1907.699951
4/2/2020,1918.829956
4/3/2020,1906.589966
4/6/2020,1997.589966
4/7/2020,2011.599976
4/8/2020,2043
4/9/2020,2042.76001
4/13/2020,2168.870117
4/14/2020,2283.320068
4/15/2020,2307.679932
4/16/2020,2408.189941
4/17/2020,2375
4/20/2020,2393.610107
4/21/2020,2328.120117
4/22/2020,2363.48999
4/23/2020,2399.449951
4/24/2020,2410.219971
4/27/2020,2376
4/28/2020,2314.080078
4/29/2020,2372.709961
4/30/2020,2474
5/1/2020,2286.040039
5/4/2020,2315.98999
5/5/2020,2317.800049
5/6/2020,2351.26001
5/7/2020,2367.610107
5/8/2020,2379.610107
5/11/2020,2409
5/12/2020,2356.949951
5/13/2020,2367.919922
5/14/2020,2388.850098
5/15/2020,2409.780029
5/18/2020,2426.26001
5/19/2020,2449.330078
5/20/2020,2497.939941
5/21/2020,2446.73999
5/22/2020,2436.879883
5/26/2020,2421.860107
5/27/2020,2410.389893
5/28/2020,2401.100098
5/29/2020,2442.370117
6/1/2020,2471.040039
6/2/2020,2472.409912
6/3/2020,2478.399902
6/4/2020,2460.600098
6/5/2020,2483
6/8/2020,2524.060059
6/9/2020,2600.860107
6/10/2020,2647.449951
6/11/2020,2557.959961
6/12/2020,2545.02002
6/15/2020,2572.679932
6/16/2020,2615.27002
6/17/2020,2640.97998
6/18/2020,2653.97998
6/19/2020,2675.01001
6/22/2020,2713.820068
6/23/2020,2764.409912
6/24/2020,2734.399902
6/25/2020,2754.580078
6/26/2020,2692.870117
6/29/2020,2680.379883
6/30/2020,2758.820068
7/1/2020,2878.699951
7/2/2020,2890.300049
7/6/2020,3057.040039
7/7/2020,3000.120117
7/8/2020,3081.110107
7/9/2020,3182.629883
7/10/2020,3200
7/13/2020,3104
7/14/2020,3084
7/15/2020,3008.870117
7/16/2020,2999.899902
7/17/2020,2961.969971
7/20/2020,3196.840088
7/21/2020,3138.290039
7/22/2020,3099.909912
7/23/2020,2986.550049
7/24/2020,3008.909912
7/27/2020,3055.209961
7/28/2020,3000.330078
7/29/2020,3033.530029
7/30/2020,3051.879883
7/31/2020,3164.679932
8/3/2020,3111.889893
8/4/2020,3138.830078
8/5/2020,3205.030029
8/6/2020,3225
8/7/2020,3167.459961
8/10/2020,3148.159912
8/11/2020,3080.669922
8/12/2020,3162.23999
8/13/2020,3161.02002
8/14/2020,3148.02002
8/17/2020,3182.409912
8/18/2020,3312.48999
8/19/2020,3260.47998
8/20/2020,3297.370117
8/21/2020,3284.719971
8/24/2020,3307.459961
8/25/2020,3346.48999
8/26/2020,3441.850098
8/27/2020,3400
8/28/2020,3401.800049
8/31/2020,3450.959961
9/1/2020,3499.120117
9/2/2020,3531.449951
9/3/2020,3368
9/4/2020,3294.620117
9/8/2020,3149.840088
9/9/2020,3268.610107
9/10/2020,3175.110107
9/11/2020,3116.219971
9/14/2020,3102.969971
9/15/2020,3156.129883
9/16/2020,3078.100098
9/17/2020,3008.72998
9/18/2020,2954.909912
9/21/2020,2960.469971
9/22/2020,3128.98999
9/23/2020,2999.860107
9/24/2020,3019.790039
9/25/2020,3095.129883
9/28/2020,3174.050049
9/29/2020,3144.879883
9/30/2020,3148.72998
10/1/2020,3221.26001
10/2/2020,3125
10/5/2020,3199.199951
10/6/2020,3099.959961
10/7/2020,3195.689941
10/8/2020,3190.550049
10/9/2020,3286.649902
10/12/2020,3442.929932
10/13/2020,3443.629883
10/14/2020,3363.709961
10/15/2020,3338.649902
10/16/2020,3272.709961
10/19/2020,3207.209961
10/20/2020,3217.01001
10/21/2020,3184.939941
10/22/2020,3176.399902
10/23/2020,3204.399902
10/26/2020,3207.040039
10/27/2020,3286.330078
10/28/2020,3162.780029
10/29/2020,3211.01001
10/30/2020,3036.149902
11/2/2020,3004.47998
11/3/2020,3048.409912
11/4/2020,3241.159912
11/5/2020,3322
11/6/2020,3311.370117
11/9/2020,3143.73999
11/10/2020,3035.02002
11/11/2020,3137.389893
11/12/2020,3110.280029
11/13/2020,3128.810059
11/16/2020,3131.060059
11/17/2020,3135.659912
11/18/2020,3105.459961
11/19/2020,3117.02002
11/20/2020,3099.399902
11/23/2020,3098.389893
11/24/2020,3118.060059
11/25/2020,3185.070068
11/27/2020,3195.340088
11/30/2020,3168.040039
12/1/2020,3220.080078
12/2/2020,3203.530029
12/3/2020,3186.72998
12/4/2020,3162.580078
12/7/2020,3158
12/8/2020,3177.290039
12/9/2020,3104.199951
12/10/2020,3101.48999
12/11/2020,3116.419922
12/14/2020,3156.969971
12/15/2020,3165.120117
12/16/2020,3240.959961
12/17/2020,3236.080078
12/18/2020,3201.649902
12/21/2020,3206.179932
12/22/2020,3206.52002
12/23/2020,3185.27002
12/24/2020,3172.689941
12/28/2020,3283.959961
12/29/2020,3322
12/30/2020,3285.850098
12/31/2020,3256.929932
1/4/2021,3186.629883
1/5/2021,3218.51001
1/6/2021,3138.379883
1/7/2021,3162.159912
1/8/2021,3182.699951
1/11/2021,3114.209961
1/12/2021,3120.830078
1/13/2021,3165.889893
1/14/2021,3127.469971
1/15/2021,3104.25
1/19/2021,3120.76001
1/20/2021,3263.379883
1/21/2021,3306.98999
1/22/2021,3292.22998
1/25/2021,3294
1/26/2021,3326.129883
1/27/2021,3232.580078
1/28/2021,3237.620117
1/29/2021,3206.199951
2/1/2021,3342.879883
2/2/2021,3380
2/3/2021,3312.530029
2/4/2021,3331
2/5/2021,3352.149902
2/8/2021,3322.939941
2/9/2021,3305
2/10/2021,3286.580078
2/11/2021,3262.129883
2/12/2021,3277.709961
2/16/2021,3268.949951
2/17/2021,3308.639893
2/18/2021,3328.22998
2/19/2021,3249.899902
2/22/2021,3180.73999
2/23/2021,3194.5
2/24/2021,3159.530029
2/25/2021,3057.159912
2/26/2021,3092.929932
3/1/2021,3146.139893
3/2/2021,3094.530029
3/3/2021,3005
3/4/2021,2977.570068
3/5/2021,3000.459961
3/8/2021,2951.949951
3/9/2021,3062.850098
3/10/2021,3057.639893
3/11/2021,3113.590088
3/12/2021,3089.48999
3/15/2021,3081.679932
3/16/2021,3091.860107
3/17/2021,3135.72998
3/18/2021,3027.98999
3/19/2021,3074.959961
3/22/2021,3110.870117
3/23/2021,3137.5
3/24/2021,3087.070068
3/25/2021,3046.26001
3/26/2021,3052.030029
3/29/2021,3075.72998
3/30/2021,3055.290039
3/31/2021,3094.080078
4/1/2021,3161
4/5/2021,3226.72998
4/6/2021,3223.820068
4/7/2021,3279.389893
4/8/2021,3299.300049
4/9/2021,3372.199951
4/12/2021,3379.389893
4/13/2021,3400
4/14/2021,3333
4/15/2021,3379.090088
4/16/2021,3399.439941
4/19/2021,3372.01001
4/20/2021,3334.689941
4/21/2021,3362.02002
4/22/2021,3309.040039
4/23/2021,3340.879883
4/26/2021,3409
4/27/2021,3417.429932
4/28/2021,3458.5
4/29/2021,3471.310059
4/30/2021,3467.419922
5/3/2021,3386.48999
5/4/2021,3311.870117
5/5/2021,3270.540039
5/6/2021,3306.370117
5/7/2021,3291.610107
5/10/2021,3190.48999
5/11/2021,3223.909912
5/12/2021,3151.939941
5/13/2021,3161.469971
5/14/2021,3222.899902
5/17/2021,3270.389893
5/18/2021,3232.280029
5/19/2021,3231.800049
5/20/2021,3247.679932
5/21/2021,3203.080078
5/24/2021,3244.98999
5/25/2021,3259.050049
5/26/2021,3265.159912
5/27/2021,3230.110107
5/28/2021,3223.070068
6/1/2021,3218.649902
6/2/2021,3233.98999
6/3/2021,3187.01001
6/4/2021,3206.219971
6/7/2021,3198.01001
6/8/2021,3264.110107
6/9/2021,3281.149902
6/10/2021,3349.649902
6/11/2021,3346.830078
6/14/2021,3383.870117
6/15/2021,3383.129883
6/16/2021,3415.25
6/17/2021,3489.23999
6/18/2021,3486.899902
6/21/2021,3453.959961
6/22/2021,3505.439941
6/23/2021,3503.820068
6/24/2021,3449.080078
6/25/2021,3401.459961
6/28/2021,3443.889893
6/29/2021,3448.139893
6/30/2021,3440.159912
7/1/2021,3432.969971
7/2/2021,3510.97998
7/6/2021,3675.73999
7/7/2021,3696.580078
7/8/2021,3731.409912
7/9/2021,3719.340088
7/12/2021,3718.550049
7/13/2021,3677.360107
7/14/2021,3681.679932
7/15/2021,3631.199951
7/16/2021,3573.629883
7/19/2021,3549.590088
7/20/2021,3573.189941
7/21/2021,3585.199951
7/22/2021,3638.030029
7/23/2021,3656.639893
7/26/2021,3699.820068
7/27/2021,3626.389893
7/28/2021,3630.320068
7/29/2021,3599.919922
7/30/2021,3327.590088
8/2/2021,3331.47998
8/3/2021,3366.23999
8/4/2021,3354.719971
8/5/2021,3375.98999
8/6/2021,3344.939941
8/9/2021,3341.870117
8/10/2021,3320.679932
8/11/2021,3292.110107
8/12/2021,3303.5
8/13/2021,3293.969971
8/16/2021,3298.98999
8/17/2021,3241.959961
8/18/2021,3201.219971
8/19/2021,3187.75
8/20/2021,3199.949951
8/23/2021,3265.870117
8/24/2021,3305.780029
8/25/2021,3299.179932
8/26/2021,3316
8/27/2021,3349.629883
8/30/2021,3421.570068
8/31/2021,3470.790039
9/1/2021,3479
9/2/2021,3463.120117
9/3/2021,3478.050049
9/7/2021,3509.290039
9/8/2021,3525.5
9/9/2021,3484.159912
9/10/2021,3469.149902
9/13/2021,3457.169922
9/14/2021,3450
9/15/2021,3475.790039
9/16/2021,3488.23999
9/17/2021,3462.52002
9/20/2021,3355.72998
9/21/2021,3343.629883
9/22/2021,3380.050049
9/23/2021,3416
9/24/2021,3425.52002
9/27/2021,3405.800049
9/28/2021,3315.959961
9/29/2021,3301.120117
9/30/2021,3285.040039
10/1/2021,3283.26001
10/4/2021,3189.780029
10/5/2021,3221
10/6/2021,3262.01001
10/7/2021,3302.429932
10/8/2021,3288.620117
10/11/2021,3246.300049
10/12/2021,3247.330078
10/13/2021,3284.280029
10/14/2021,3299.860107
10/15/2021,3409.02002
10/18/2021,3446.73999
10/19/2021,3444.149902
10/20/2021,3415.060059
10/21/2021,3435.01001
10/22/2021,3335.550049
10/25/2021,3320.370117
10/26/2021,3376.070068
10/27/2021,3392.48999
10/28/2021,3446.570068
10/29/2021,3372.429932
11/1/2021,3318.110107
11/2/2021,3312.75
11/3/2021,3384
11/4/2021,3477
11/5/2021,3518.98999
11/8/2021,3488.97998
11/9/2021,3576.22998
11/10/2021,3482.050049
11/11/2021,3472.5
11/12/2021,3525.149902
11/15/2021,3545.679932
11/16/2021,3540.699951
11/17/2021,3549
11/18/2021,3696.060059
11/19/2021,3676.570068
11/22/2021,3572.570068
11/23/2021,3580.040039
11/24/2021,3580.409912
11/26/2021,3504.560059
11/29/2021,3561.570068
11/30/2021,3507.070068
12/1/2021,3443.719971
12/2/2021,3437.360107
12/3/2021,3389.790039
12/6/2021,3427.370117
12/7/2021,3523.290039
12/8/2021,3523.159912
12/9/2021,3483.419922
12/10/2021,3444.23999
12/13/2021,3391.350098
12/14/2021,3381.830078
12/15/2021,3466.300049
12/16/2021,3377.419922
12/17/2021,3400.350098
12/20/2021,3341.580078
12/21/2021,3408.340088
12/22/2021,3420.73999
12/23/2021,3421.370117
12/27/2021,3393.389893
12/28/2021,3413.219971
12/29/2021,3384.02002
12/30/2021,3372.889893
12/31/2021,3334.340088
1/3/2022,3408.090088
1/4/2022,3350.439941
1/5/2022,3287.139893
1/6/2022,3265.080078
1/7/2022,3251.080078
1/10/2022,3229.719971
1/11/2022,3307.23999
1/12/2022,3304.139893
1/13/2022,3224.280029
1/14/2022,3242.76001
1/18/2022,3178.350098
1/19/2022,3125.97998
1/20/2022,3033.350098
1/21/2022,2852.860107
1/24/2022,2890.879883
1/25/2022,2799.719971
1/26/2022,2777.449951
1/27/2022,2792.75
1/28/2022,2879.560059
1/31/2022,2991.469971
2/1/2022,3023.870117
2/2/2022,3012.25
2/3/2022,2776.909912
2/4/2022,3152.790039
2/7/2022,3158.709961
2/8/2022,3228.27002
2/9/2022,3223.790039
2/10/2022,3180.070068
2/11/2022,3065.870117
2/14/2022,3103.340088
2/15/2022,3130.209961
2/16/2022,3162.01001
2/17/2022,3093.050049
2/18/2022,3052.030029
2/22/2022,3003.949951
2/23/2022,2896.540039
2/24/2022,3027.159912
2/25/2022,3075.77002
2/28/2022,3071.26001
3/1/2022,3022.840088
3/2/2022,3041.050049
3/3/2022,2957.969971
3/4/2022,2912.820068
3/7/2022,2749.060059
3/8/2022,2720.290039
3/9/2022,2785.580078
3/10/2022,2936.350098
3/11/2022,2910.48999
3/14/2022,2837.060059
3/15/2022,2947.330078
3/16/2022,3062.080078
3/17/2022,3144.780029
3/18/2022,3225.01001
3/21/2022,3229.830078
3/22/2022,3297.780029
3/23/2022,3268.159912
3/24/2022,3272.98999
3/25/2022,3295.469971
3/28/2022,3379.810059
3/29/2022,3386.300049
3/30/2022,3326.02002
3/31/2022,3259.949951
4/1/2022,3271.199951
4/4/2022,3366.929932
4/5/2022,3281.100098
4/6/2022,3175.120117
4/7/2022,3155.689941
4/8/2022,3089.209961
4/11/2022,3022.439941
4/12/2022,3015.75
4/13/2022,3110.820068
4/14/2022,3067.064941
